–ö–∞–∫ —Ç–µ–±—è –∑–æ–≤—É—Ç?,–¢—ã –≥–æ—Ç–æ–≤ —Å—Ç–∞—Ç—å —Ä—É—Å—Å–∫–∏–º??,–õ—é–±–∏—à—å —à–∞–º–∞–Ω–∞???,"–†–∞–∑–ª–æ–≥–∏–Ω—å—Å—è, —á—É—Ä–∫–∞!",–ß—Ç–æ-–Ω–∏–±—É–¥—å –≤ —Å–≤–æ–µ –æ–ø—Ä–∞–≤–¥–∞–Ω–∏–µ?,–ë—ã—Å—Ç—Ä–æ –Ω—é–¥—Å –∏–ª–∏ —Ñ–æ—Ç–æ —à–∞–º–∞–Ω–∞üòãüòè,–ù–∞–∫–æ–Ω–µ—Ü-—Ç–æ –¥–æ—Å—Ç–æ–π–Ω—ã–π —Å–ª–∞–≤—è–Ω–∏–Ω!üá∑üá∫,–ù–∞—á–∞—Ç—å –∑–∞–Ω–æ–≤–æ?
A,–ö–æ–Ω–µ—á–Ω–æ,"–û–π, —Ç—Ä—É—Å—ã —É–ø–∞–ª–∏",,,./photos/f867a0f9e-cbfe-41b7-85c4-f80a20d02c90-alexzz21.jpg,Finish,
B,–ö–æ–Ω–µ—á–Ω–æ,"–û–π, —Ç—Ä—É—Å—ã —É–ø–∞–ª–∏",,–ù–∞–∑–∞–¥,./photos/f02bd75e2-e09a-44bf-b5c6-9dfc8dd6bae9-alexzz21.jpg,Finish,–î–∞
–≤–∞–º–æ—Ç–≤–∞–ª–≤–ª–æ–º—Ç–´–õ–ú–û—Ç,–ö–æ–Ω–µ—á–Ω–æ,"–û–π, —Ç—Ä—É—Å—ã —É–ø–∞–ª–∏",–ù–∞—á–∞—Ç—å –∑–∞–Ω–æ–≤–æ,–æ—Ç–ª–æ–∏–∞,./photos/f88adb033-2560-4cb9-896b-3bb130f45b83-alexzz21.jpg,Finish,–î–∞
–ö–∞–∫ —Ç–µ–±—è –∑–æ–≤—É—Ç?,–¢—ã –≥–æ—Ç–æ–≤ —Å—Ç–∞—Ç—å —Ä—É—Å—Å–∫–∏–º??,–õ—é–±–∏—à—å —à–∞–º–∞–Ω–∞???,"–†–∞–∑–ª–æ–≥–∏–Ω—å—Å—è, —á—É—Ä–∫–∞!",–ß—Ç–æ-–Ω–∏–±—É–¥—å –≤ —Å–≤–æ–µ –æ–ø—Ä–∞–≤–¥–∞–Ω–∏–µ?,–ë—ã—Å—Ç—Ä–æ –Ω—é–¥—Å –∏–ª–∏ —Ñ–æ—Ç–æ —à–∞–º–∞–Ω–∞üòãüòè,–ù–∞–∫–æ–Ω–µ—Ü-—Ç–æ –¥–æ—Å—Ç–æ–π–Ω—ã–π —Å–ª–∞–≤—è–Ω–∏–Ω!üá∑üá∫,–ù–∞—á–∞—Ç—å –∑–∞–Ω–æ–≤–æ?
Alex,–ö–æ–Ω–µ—á–Ω–æ,"–û–π, —Ç—Ä—É—Å—ã —É–ø–∞–ª–∏",,,./photos/f2f97ea9d-a140-4213-9d25-c96514122719-alexzz21.jpg,Finish,
–ö–∞–∫ —Ç–µ–±—è –∑–æ–≤—É—Ç?,–¢—ã –≥–æ—Ç–æ–≤ —Å—Ç–∞—Ç—å —Ä—É—Å—Å–∫–∏–º??,–õ—é–±–∏—à—å —à–∞–º–∞–Ω–∞???,"–†–∞–∑–ª–æ–≥–∏–Ω—å—Å—è, —á—É—Ä–∫–∞!",–ß—Ç–æ-–Ω–∏–±—É–¥—å –≤ —Å–≤–æ–µ –æ–ø—Ä–∞–≤–¥–∞–Ω–∏–µ?,–ë—ã—Å—Ç—Ä–æ –Ω—é–¥—Å –∏–ª–∏ —Ñ–æ—Ç–æ —à–∞–º–∞–Ω–∞üòãüòè,–ù–∞–∫–æ–Ω–µ—Ü-—Ç–æ –¥–æ—Å—Ç–æ–π–Ω—ã–π —Å–ª–∞–≤—è–Ω–∏–Ω!üá∑üá∫,–ù–∞—á–∞—Ç—å –∑–∞–Ω–æ–≤–æ?
–ö–∞–∫ —Ç–µ–±—è –∑–æ–≤—É—Ç?,–¢—ã –≥–æ—Ç–æ–≤ —Å—Ç–∞—Ç—å —Ä—É—Å—Å–∫–∏–º??,–õ—é–±–∏—à—å —à–∞–º–∞–Ω–∞???,"–†–∞–∑–ª–æ–≥–∏–Ω—å—Å—è, —á—É—Ä–∫–∞!",–ß—Ç–æ-–Ω–∏–±—É–¥—å –≤ —Å–≤–æ–µ –æ–ø—Ä–∞–≤–¥–∞–Ω–∏–µ?,–ë—ã—Å—Ç—Ä–æ –Ω—é–¥—Å –∏–ª–∏ —Ñ–æ—Ç–æ —à–∞–º–∞–Ω–∞üòãüòè,–ù–∞–∫–æ–Ω–µ—Ü-—Ç–æ –¥–æ—Å—Ç–æ–π–Ω—ã–π —Å–ª–∞–≤—è–Ω–∏–Ω!üá∑üá∫,–ù–∞—á–∞—Ç—å –∑–∞–Ω–æ–≤–æ?
Alex,–ö–æ–Ω–µ—á–Ω–æ,"–û–π, —Ç—Ä—É—Å—ã —É–ø–∞–ª–∏",,–ù–∞–∑–∞–¥,./photos/fb9034397-de44-40d1-a0c0-a6ff22ae2169-alexzz21.jpg,Finish,
–ö–∞–∫ —Ç–µ–±—è –∑–æ–≤—É—Ç?,–¢—ã –≥–æ—Ç–æ–≤ —Å—Ç–∞—Ç—å —Ä—É—Å—Å–∫–∏–º??,–õ—é–±–∏—à—å —à–∞–º–∞–Ω–∞???,"–†–∞–∑–ª–æ–≥–∏–Ω—å—Å—è, —á—É—Ä–∫–∞!",–ß—Ç–æ-–Ω–∏–±—É–¥—å –≤ —Å–≤–æ–µ –æ–ø—Ä–∞–≤–¥–∞–Ω–∏–µ?,–ë—ã—Å—Ç—Ä–æ –Ω—é–¥—Å –∏–ª–∏ —Ñ–æ—Ç–æ —à–∞–º–∞–Ω–∞üòãüòè,–ù–∞–∫–æ–Ω–µ—Ü-—Ç–æ –¥–æ—Å—Ç–æ–π–Ω—ã–π —Å–ª–∞–≤—è–Ω–∏–Ω!üá∑üá∫,–ù–∞—á–∞—Ç—å –∑–∞–Ω–æ–≤–æ?
Sle,–ö–æ–Ω–µ—á–Ω–æ,"–û–π, —Ç—Ä—É—Å—ã —É–ø–∞–ª–∏",,,../data/photos/f8314cb9d-4a09-4406-9ee6-692667a49c3e-alexzz21.jpg,Finish,
Hi
Hi
Hi
Hi
Hi
Hi
Hi
Hi
Hi
Hi
Hi
Hi
Hi
Hi
Hi
Hi
Hi
Hi
Hi
Hi
Hi
Hi
Hi
Hi
Hi
Hi
Hi
Hi
Hi
Hi
Hi
Hi
Hi
Hi
Hi
Hi
Hi
btn
txt
txtbtn
txt
txtbtn
Hi
btn
txt
txtbtn
txt
txtbtn
Hi
btn
txt
txtbtn
txt
txtbtn
Hi
btn
txt
txtbtn
txt
txtbtn
Hi
btn
txt
txtbtn
txt
txtbtn
pic
pic
Hi
btn
txt
txtbtn
txt
txtbtn
pic
pic
Hi
btn
txt
txtbtn
txt
txtbtn
pic
pic
Hi
btn
txt
txtbtn
txt
txtbtn
pic
pic
Hi
btn
txt
txtbtn
txt
txtbtn
pic
pic
Hi
btn
txt
txtbtn
txt
txtbtn
pic
pic
Hi
btn
txt
txtbtn
txt
txtbtn
pic
pic
Hi
btn
txt
txtbtn
txt
txtbtn
pic
pic
Hi
btn
txt
txtbtn
txt
txtbtn
pic
pic
Hi
btn
txt
txtbtn
txt
txtbtn
pic
pic
Hi
btn
txt
txtbtn
txt
txtbtn
pic
pic
Hi
btn
txt
txtbtn
txt
txtbtn
pic
pic
Hi
btn
txt
txtbtn
txt
txtbtn
pic
pic
Hi
btn
txt
txtbtn
txt
txtbtn
pic
pic
Hi
btn
txt
txtbtn
txt
txtbtn
pic
pic
Hi
btn
txt
txtbtn
txt
txtbtn
pic
pic
Hi
btn
txt
txtbtn
txt
txtbtn
pic
pic
Hi
btn
txt
txtbtn
txt
txtbtn
pic
pic
Hi
btn
txt
txtbtn
txt
txtbtn
pic
pic
btn
txt
txtbtn
txt
txtbtn
pic
pic
Hi
btn
txt
txtbtn
txt
txtbtn
pic
pic
wrong
btn
txt
txtbtn
txt
txtbtn
pic
pic
Hi
btn
txt
txtbtn
txt
txtbtn
pic
pic
wrong
Hi
btn
txt
txtbtn
txt
txtbtn
pic
pic
wrong
Hi
btn
txt
txtbtn
txt
txtbtn
pic
pic
wrong
Hi
btn
txt
txtbtn
txt
txtbtn
pic
pic
wrong
Hi
btn
txt
txtbtn
txt
txtbtn
pic
pic
wrong
Hi
btn
txt
txtbtn
txt
txtbtn
pic
pic
wrong
Hi
btn
txt
txtbtn
txt
txtbtn
pic
pic
wrong
Hi
btn
txt
txtbtn
txt
txtbtn
pic
pic
wrong
Hi
btn
txt
txtbtn
txt
txtbtn
pic
pic
wrong
Hi
btn
txt
txtbtn
txt
txtbtn
pic
pic
wrong
Hi
btn
txt
txtbtn
txt
txtbtn
pic
pic
wrong
Hi
btn
txt
txtbtn
txt
txtbtn
pic
pic
wrong
Hi
btn
txt
txtbtn
txt
txtbtn
pic
pic
wrong
Hi
btn
txt
txtbtn
txt
txtbtn
pic
pic
wrong
Hi
btn
txt
txtbtn
txt
txtbtn
pic
pic
wrong
Hi
btn
txt
txtbtn
txt
txtbtn
pic
pic
wrong
Hi
btn
txt
txtbtn
txt
txtbtn
pic
pic
wrong
Hi
btn
txt
txtbtn
txt
txtbtn
pic
pic
wrong
Hi
btn
txt
txtbtn
txt
txtbtn
pic
pic
wrong
Hi
btn
txt
txtbtn
txt
txtbtn
pic
pic
Hi
btn
txt
txtbtn
txt
txtbtn
pic
pic
wrong
Hi
btn
txt
txtbtn
txt
txtbtn
pic
pic
wrong
Hi
btn
txt
txtbtn
txt
txtbtn
pic
pic
wrong
absent
Hi
btn
txt
txtbtn
txt
txtbtn
pic
pic
wrong
absent
Hi
btn
txt
txtbtn
txt
txtbtn
pic
pic
wrong
absent
Hi
btn
txt
txtbtn
txt
txtbtn
pic
pic
wrong
absent
Hi
btn
txt
txtbtn
txt
txtbtn
pic
pic
wrong
absent
Hi
btn
txt
txtbtn
txt
txtbtn
pic
pic
wrong
absent
txtbtn
Hi
btn
txt
txtbtn
txt
txtbtn
pic
pic
wrong
absent
txtbtn
Hi
btn
txt
txtbtn
txt
txtbtn
pic
pic
wrong
absent
Hi
btn
txt
txtbtn
txt
txtbtn
pic
pic
wrong
absent
Hi
btn
txt
txtbtn
txt
txtbtn
pic
pic
wrong
absent
Hi
btn
txt
txtbtn
txt
txtbtn
pic
pic
wrong
absent
Hi
btn
txt
txtbtn
txt
txtbtn
pic
pic
wrong
absent
Hi
btn
txt
txtbtn
txt
txtbtn
pic
pic
wrong
absent
Hi
btn
txt
txtbtn
txt
txtbtn
pic
pic
wrong
absent
Hi
btn
txt
txtbtn
txt
txtbtn
pic
pic
wrong
absent
Hi
btn
txt
txtbtn
txt
txtbtn
pic
pic
wrong
absent
Hi
btn
txt
txtbtn
txt
txtbtn
pic
pic
wrong
absent
Hi
btn
txt
txtbtn
txt
txtbtn
pic
pic
wrong
absent
Hi
btn
txt
txtbtn
txt
txtbtn
pic
pic
wrong
absent
Hi
btn
txt
txtbtn
txt
txtbtn
pic
pic
wrong
absent
44
Hi
btn
txt
txtbtn
txt
txtbtn
pic
pic
wrong
absent
Hi
btn
txt
txtbtn
txt
txtbtn
pic
pic
wrong
absent
Hi
btn
txt
txtbtn
txt
txtbtn
pic
pic
wrong
absent
Hi
btn
txt
txtbtn
txt
txtbtn
pic
pic
wrong
absent
–ö–∞–∫ —Ç–µ–±—è –∑–æ–≤—É—Ç?,–¢—ã –≥–æ—Ç–æ–≤ —Å—Ç–∞—Ç—å —Ä—É—Å—Å–∫–∏–º??,–õ—é–±–∏—à—å —à–∞–º–∞–Ω–∞???,"–†–∞–∑–ª–æ–≥–∏–Ω—å—Å—è, —á—É—Ä–∫–∞!",–ß—Ç–æ-–Ω–∏–±—É–¥—å –≤ —Å–≤–æ–µ –æ–ø—Ä–∞–≤–¥–∞–Ω–∏–µ?,–ë—ã—Å—Ç—Ä–æ –Ω—é–¥—Å –∏–ª–∏ —Ñ–æ—Ç–æ —à–∞–º–∞–Ω–∞üòãüòè,–ù–∞–∫–æ–Ω–µ—Ü-—Ç–æ –¥–æ—Å—Ç–æ–π–Ω—ã–π —Å–ª–∞–≤—è–Ω–∏–Ω!üá∑üá∫,–ù–∞—á–∞—Ç—å –∑–∞–Ω–æ–≤–æ?
Alex,–ö–æ–Ω–µ—á–Ω–æ,"–û–π, —Ç—Ä—É—Å—ã —É–ø–∞–ª–∏",,,../data/photos/f594277d7-9370-4149-87c1-faf605707f21-alexzz21.jpg,Finish,
